{"graph": {"_type": "graph-file", "sha256": "3ad04f48ac7916e3eeed65bfcb262a81e97bb178ade73d512dc44eb57debf138", "size": 1574, "path": "media/graph/graph_summary_3ad04f48ac7916e3eeed.graph.json"}, "epoch": 99, "_timestamp": 1731465337.0584831, "loss": 0.38472339510917664, "accuracy": 0.8685770630836487, "val_loss": 1.2481752634048462, "val_accuracy": 0.6620278358459473, "_runtime": 8775.872476100922, "_step": 101, "best_val_loss": 1.0217491388320923, "best_epoch": 40, "Training Accuracy": 0.8685770630836487, "Test Accuracy": 0.6620278358459473, "_wandb": {"runtime": 8780}}