{"graph": {"_type": "graph-file", "sha256": "3ad04f48ac7916e3eeed65bfcb262a81e97bb178ade73d512dc44eb57debf138", "size": 1574, "path": "media/graph/graph_summary_3ad04f48ac7916e3eeed.graph.json"}, "epoch": 0, "_timestamp": 1731456122.767453, "loss": 1.772154688835144, "accuracy": 0.3073122501373291, "val_loss": 1.6386240720748901, "val_accuracy": 0.31013917922973633, "_runtime": 138.9749698638916, "_step": 0, "best_val_loss": 1.6386240720748901, "best_epoch": 0, "_wandb": {"runtime": 161}}