{"graph": {"_type": "graph-file", "sha256": "3ad04f48ac7916e3eeed65bfcb262a81e97bb178ade73d512dc44eb57debf138", "size": 1574, "path": "media/graph/graph_summary_3ad04f48ac7916e3eeed.graph.json"}, "epoch": 0, "_timestamp": 1731456444.220864, "loss": 1.5706708431243896, "accuracy": 0.35326087474823, "val_loss": 1.6097677946090698, "val_accuracy": 0.387673944234848, "_runtime": 110.8452091217041, "_step": 2, "best_val_loss": 1.6097677946090698, "best_epoch": 0, "Training Accuracy": 0.35326087474823, "Test Accuracy": 0.387673944234848, "_wandb": {"runtime": 116}}